,name,latitude,longitude
0,Poe Park,40.86502982289383,-73.89469555864792
1,Columbus Park,40.715881997,-73.99939568899998
2,Great Kills Park,40.555566214544,-74.10835191954993
3,Willowbrook Park,40.59860980984273,-74.16061324995901
4,Samuel N. Bennerson 2nd Playground,40.77382394222365,-73.98695384422925
5,Marcus Garvey Park,40.80487963775496,-73.94461641645344
6,Canarsie Park,40.62896178347125,-73.89597212051484
7,John Jay Park,40.76923883495497,-73.94948322532899
8,Parkside Playground,40.86838375316648,-73.86802899006379
9,Andrew Haswell Green Park,40.75950709693736,-73.9576252815491
10,Thomas Jefferson Recreation Center,40.79320242368964,-73.93559005030862
11,Gertrude Ederle Recreation Center,40.7714586814125,-73.98874073840418
12,Chelsea Recreation Center,40.748296323256085,-74.00221961438312
13,Hansborough Recreation Center,40.812834972425016,-73.93933148857813
14,Arverne Playground,40.592857550227215,-73.78518320529425
15,Junction Playground,40.75470696888977,-73.8721431117931
16,Little Flower Playground,40.71244727,-73.98847385
17,J. Hood Wright Recreation Center,40.84644474279754,-73.94076290930661
18,Utopia Playground,40.73072572957852,-73.79277632002236
19,Frank Principe Park,40.727467415052416,-73.90473913583541
20,Baisley Park Extension,40.7173550195,-73.88076501499998
21,Playground Ninety,40.75797088460332,-73.87869543258307
22,Saw Mill Playground,40.8092072037143,-73.92007866219203
23,Pelham Parkway,40.86149944535296,-73.85832948069411
24,Playground 52 LII,40.81515880573534,-73.9016877275872
25,Astoria Heights Playground,40.761012584861824,-73.9113136756413
26,Joyce Kilmer Park,40.82852586733416,-73.92266031459101
27,Ehrenreich-Austin Playground,40.715782375298566,-73.83704310960857
28,Tony Dapolito Recreation Center,40.73719957603311,-74.00117802645822
29,Leif Ericson Park,40.6326800792,-73.99669504409998
30,Hunts Point Playground,40.814268948040365,-73.88588840037481
31,Electric Playground,40.735763944405846,-73.80541890221272
32,Bushwick Inlet Park,40.721913858884754,-73.96059658805234
33,Beach 59th St Playground,40.58888761048391,-73.78905607921051
34,Melrose Playground,40.8204476279,-73.9182587338
35,McCarren Park,40.72085749479431,-73.95184205328233
36,Van Cortlandt Park,40.899993,-73.89221899999998
37,Owl's Head Park,40.64014251403479,-74.0322502812654
38,St. James Park,40.86455021073608,-73.89902126651475
39,Soundview Park,40.81157999138988,-73.866232722789
40,Crispus Attucks Playground,40.68161103342113,-73.95920770297003
41,American Veterans Memorial Pier,40.6396449488587,-74.03778230424673
42,Shore Park and Parkway,40.616189790720334,-74.03947648209945
43,Central Park,40.7825056154,-73.9655457389
44,West Brighton,40.6358490034086,-74.11788864775302
45,CPL. Thompson Park,40.637007465317126,-74.11900748484467
46,Fort Totten Park,40.793106677898926,-73.7778921925238
47,Fisher Pool,40.75847488564897,-73.86958498014229
48,Wagner,40.79821652909184,-73.9315358729635
49,Midland Field,40.57715505589725,-74.10017773602958
50,Williamsbridge Oval Park,40.8776357451,-73.87738712959998
51,Henry Hudson Park,40.88132945339785,-73.91996278052694
52,Kelly Park,40.6703310495,-73.9973790562
53,Seton Park,40.8859111384384,-73.91699860563267
54,Sunset Park,40.64797628553995,-74.00374343756158
55,Captain Tilly Park,40.711428860824896,-73.7982399553974
56,PS 38,40.78868300865702,-73.94476829735268
57,MacDonald Park,40.72223725171553,-73.84680327286057
58,Barretto Point Park,40.8050009475,-73.88836437987288
59,Bill Rainey Park,40.81878921163537,-73.89749507508756
60,Wright Brothers Playground,40.83161556319176,-73.94215219913517
61,Yellowstone Park,40.72623239878484,-73.84789197894138
62,Paul Raimonda Playground,40.77279930203212,-73.89744962220686
63,Travers Park,40.7547550692,-73.8757500656
64,Flushing Fields,40.77595968814597,-73.81716579590238
65,Colden Playground,40.77014680456395,-73.82814081636128
66,Lost Battalion Hall Recreation Center,40.73180427224514,-73.86551322676301
67,Harris Park,40.875275341326855,-73.89269765245267
68,Beach Channel Drive,40.58200699999999,-73.84980800000001
69,Kissena Park,40.74534639482072,-73.8048286029859
70,Prospect Park,40.666899529470136,-73.97370645975641
71,Annadale,40.540471,-74.179547
72,Rory Staunton Field,40.754409601747646,-73.88845374635045
73,Fort Tryon Park,40.86183795727607,-73.93297477025357
74,Rockaway Beach and Boardwalk,40.5929359308678,-73.75329914319006
75,Vidalia Park,40.843864943676415,-73.88143061087611
76,Story Playground,40.82291343696168,-73.86284389381714
77,Detective Keith L Williams Park,40.70288383183584,-73.78442920492648
78,Maria Hernandez Park,40.702989775786925,-73.92403859606797
79,Stroud Playground,40.67457254616263,-73.96091086519225
80,Thomas Greene Playground,40.68031718709592,-73.98535191831799
81,Cooper Park,40.718445460753685,-73.93962438734386
82,Msgr. McGolrick Park,40.72444093481168,-73.9433539512939
83,Flushing Meadows Corona Park,40.74332535386196,-73.84180827269277
84,Playground Eighty Nine LXXXIX,40.78864452012372,-73.97189111641
85,Poor Richard's Playground,40.792865044,-73.94372405999998
86,Clove Lakes Park,40.61565170667998,-74.10731063534317
87,Von Briesen Park,40.6077514441676,-74.05862257880285
88,Conference House Park,40.499752687308,-74.2421189338822
89,Happy Warrior Playground,40.79487326654289,-73.96854335409715
90,Vesuvio Playground,40.725616284126495,-74.00249368421386
91,Wolfe's Pond Park,40.5203382577664,-74.19097568793988
92,Westerleigh Park,40.61982586796879,-74.13445965567215
93,Playground for all Children,40.7408820080825,-73.84950827936643
94,Bayswater Park,40.59876227939159,-73.76750289656583
95,Stanley Isaacs Playground,40.78272474829578,-73.94462478514302
96,Virginia Park,40.83347903869148,-73.8621797557451
97,St. Catherine's Park,40.76519440811819,-73.95872137018135
98,Thomas Jefferson Park,40.79320242368964,-73.93559005030862
99,Washington Square Park,40.73113254072749,-73.99563630251679
100,Crotona Park,40.8303050688,-73.90823502249998
101,Corporal John A. Seravalli Playground,40.73893002703863,-74.00466546707516
102,Morningside Park,40.80576045046855,-73.95837977264466
103,Marx Brothers Playground,40.78411354585458,-73.94564822180699
104,Jackie Robinson Park,40.82426923722596,-73.94244846688323
105,Tecumseh Playground,40.781904170022095,-73.97871090739838
106,Frederick Douglass Playground,40.7970993326102,-73.9675296513832
107,Baruch Playground,40.71653059755652,-73.97931273514027
108,Bailey Playground,40.8811285986865,-73.90077205553325
109,J. Hood Wright Park,40.84644474279754,-73.94076290930661
110,Behagen Playground,40.82494832590303,-73.90155534260776
111,Bloomingdale Park,40.5449500109,-74.18039005519998
112,Tompkins Square Park,40.72645206121996,-73.98171294106962
113,Gorman Playground,40.7619308861098,-73.88415605786075
114,Juniper Valley Park,40.72018377353737,-73.88042524868261
115,Crocheron Park,40.77153237349183,-73.76755296863075
116,Broad Channel Park,40.60073186973284,-73.82005161120154
117,Elmhurst Park,40.7289342852714,-73.88524731408285
118,St. Nicholas Park,40.799979065872165,-73.95212930351603
119,Moore Playground,40.809377021390354,-73.93849268705854
120,Harry Maze Playground,40.6434178406541,-73.92317587811444
121,Queensbridge Park,40.75662967331753,-73.94759447272375
122,Concrete Plant Park,40.83281558210864,-73.88288716858683
123,Marc And Jason's Playground,40.66370336215993,-73.94882739635176
124,Horace Harding Playground,40.733167970203496,-73.86032811660105
125,Dyker Beach Park,40.61688583163074,-74.02146930826032
126,Stars & Stripes Playground,40.88616513820424,-73.84042970775499
127,Franklin D. Roosevelt Boardwalk and Beach,40.59034585106621,-74.0650909039889
128,Patterson Playground,40.8157829120323,-73.92228540808419
129,Ferry Point Park,40.81238153211804,-73.83329157194417
130,Macombs Dam Park,40.82748827529305,-73.92837760910173
131,John Hancock Playground,40.68244315440987,-73.95432510695521
132,Carroll Park,40.68051177008108,-73.9965483243245
133,Commodore Barry Park,40.69723799214734,-73.97796099134197
134,Linden Park,40.65825087827369,-73.88746896049673
135,Bill Brown Playground,40.5917612434562,-73.94559631511923
136,Hunts Point Riverside Park,40.8176824444019,-73.88160081555483
137,Orchard Beach,40.8751850202,-73.81128004619998
138,Watson Gleason Playground,40.8296650359,-73.86961509299998
139,Playground 103 CIII,40.786992678772286,-73.9391349525701
140,Fred Samuel Playground,40.8171557462378,-73.93923671655433
141,Chelsea Park,40.749941647750255,-74.000728257456
142,Sara D. Roosevelt Park,40.718805002590976,-73.99304320268173
143,Bill Bojangles Robinson Playground,40.82527970170019,-73.93729268838922
144,Tremont Park,40.84050370300368,-73.89775674510759
145,Melrose Commons Park,40.825278,-73.912971
146,Vincent F. Albano Jr. Playground,40.742006985244245,-73.97849255692294
147,Twenty-Four Sycamores Park,40.759410312753495,-73.95886150699238
148,Castle Hill Playground,40.83841572892868,-73.85320202414442
149,Van Nest Park,40.90213664983861,-73.90487144968009
150,Pelham Bay Park,40.8303050688,-73.90823502249998
151,Highland Park,40.6828532561511,-73.88782943447706
152,Rainey Park,40.76633428749649,-73.94082278621217
153,East River Playground,40.78971559737879,-73.93908271788578
154,Haffen Park,40.873686039670986,-73.83916736477188
155,Marine Park,40.5968799572998,-73.92029964531788
156,Dr. Green Playground,40.67344540019584,-73.91142683261837
157,Aqueduct Walk,40.85669186791872,-73.90920423314222
158,Bathgate Playground,40.85280503179397,-73.89426628197617
159,Agnes Haywood Playground,40.880295826040815,-73.86181400054451
160,Bellevue South Park,40.73999869562383,-73.97808472008728
161,McKinley Park,40.62556836416592,-74.01768307649816
162,Red Hook Recreation Area,40.67238288376808,-74.00404472667202
163,Queens Hospital Center,40.717777,-73.805293
164,Schmul Park,40.5871420275,-74.1985091139
165,Brower Park,40.673828481794125,-73.94383475578145
166,Herbert Von King Park,40.68967192425743,-73.94661964903989
167,Tilden Playground,40.647895966804334,-73.93138430447152
168,Matthew P. Sapolin Playground,40.77735970443208,-73.98395825905565
169,Sol Lain Playground,40.71440132823593,-73.98397772595389
170,Forest Park,40.7107701087879,-73.8354954623703
171,Baisley Pond Park,40.67588888210323,-73.78618229228483
172,Saratoga Park,40.6850515498592,-73.91901593474097
173,Claremont Park,40.84045873043794,-73.90743694067467
174,Midland Beach,40.57086486946726,-74.09136971589997
175,Fort Greene Park,40.6955450443,-73.98937506439998
176,Bronx Park,40.85662155048014,-73.87582913133085
177,Courtney Callender Playground,40.810044104807176,-73.94011420779181
178,Riverside Park,40.810570079,-73.88351000909998
179,Henry M. Jackson Playground,40.713971935095294,-73.98150460297435
180,Jacob H. Schiff Playground,40.820356631293066,-73.9521076587694
181,Hunter's Point South Park,40.74196700203454,-73.96083879507933
182,Springfield Park,40.660818160932685,-73.76234031180775
183,London Planetree Playground,40.68590775130158,-73.85313461241702
184,Harlem Art Park,40.80103639100321,-73.93879869123161
185,Father Macris Park,40.61662428161341,-74.16163406340283
186,St. Mary's Park,40.81146019657945,-73.91410834450186
187,Alfred E. Smith Playground,40.710453569098775,-73.99701379008718
188,Seaside Wildlife Nature Park,40.54013312543177,-74.14177059782034
189,Matthews Muliner Playground,40.8469156154764,-73.86150089255239
190,Astoria Park,40.77887309651599,-73.92321098391942
191,Coffey Park,40.67719766956452,-74.00870745319095
192,Bensonhurst Park,40.59651286245374,-74.00130224807027
193,P.S. 176 Cambria Heights,40.684891535760855,-73.7297282736645
194,Randall's Island Park,40.795745195899975,-73.9217299903786
195,Heckscher Playground,40.6951149061972,-73.91826823368272
196,Grady Playground,40.58249848750227,-73.96527171769635
197,Cambria Heights,40.695736449613854,-73.74113519626219
198,American Playground,40.72873180562088,-73.95763235147263
199,Asser Levy Playground,40.736143703298765,-73.97566803135638
200,Rosemary's Playground,40.70461575215885,-73.90443363509625
201,Brevoort Playground,40.68119065636876,-73.92530258035829
202,Fresh Meadows Park,40.74071420525839,-73.78538031922261
203,Freshkills Park,40.58405235726087,-74.17770999815518
204,Wayanda Park,40.71085296214561,-73.73900844904084
205,Space Time Playground,40.82292534007768,-73.85999994621011
206,Julio Carballo Fields,40.81495876161648,-73.88923835051216
207,Sheepshead Playground,40.61939871565215,-73.94525836081885
208,Ocean Breeze Park,40.586156369839365,-74.07859322520513
209,Lemon Creek Park,40.51299059395328,-74.20179715978443
210,Francis Lewis Park,40.79711962493639,-73.82525071069762
211,Brookville Park,40.659398,-73.745968
212,Redfern Playground,40.61122703664893,-73.74964325961275
213,Blue Heron Park,40.53223127466387,-74.17438153736359
214,Cadman Plaza Park,40.698443439339215,-73.99062617442874
215,Grover Cleveland Playground,40.71089966509895,-73.91114488664833
216,Nathan Straus Playground,40.7191002917636,-73.98355210864376
217,Vito Locascio Field,40.66995840961787,-73.84371981982628
218,Bayside Fields,40.77154655046376,-73.78436882127397
219,Mae Grant Playground,40.79250562845448,-73.9499559443238
220,Highbridge Park,40.84197921542005,-73.92663979609692
221,Amersfort Park,40.6286560833158,-73.93901130374405
222,Hell's Kitchen Park,40.76279459355664,-73.99247674737168
223,Millbrook Playground,40.80433512359481,-73.91697290585027
224,Nelson Playground,40.835023902768405,-73.92658149616166
225,James Weldon Johnson Playground,40.797392864502434,-73.9415245225696
226,Sol Bloom Playground,40.78984485760667,-73.9687264826781
227,St. Vartan Park,40.74494686347436,-73.97325767107215
228,Tappen Park,40.62681067275755,-74.07687567003411
229,Dry Dock Playground,40.72546080979488,-73.97545543161931
230,Wingate Park,40.658990003288736,-73.94327293498675
231,Marcy Playground,40.69552138727719,-73.95091348995823
232,Alley Pond Park,40.74734699999998,-73.74122599999998
233,John V. Lindsay East River Park,40.71698789453136,-73.97532680713722
234,Woodlawn Playground,40.8989740707,-73.87388605229998
235,Bowne Playground,40.75845345022829,-73.8240297293978
236,Rufus King Park,40.703083259704414,-73.80376406636994
237,Scarangella Park,40.59466594403684,-73.98433885872595
238,P.O. Reinaldo Salgado Playground,40.68790247532552,-73.92546140962213
239,White Playground,40.79164156828936,-73.94590604206745
240,Carl Schurz Park,40.77513974316064,-73.9435002245543
241,Seward Park,40.71734073627247,-73.98932346037874
242,Fidler-Wyckoff House Park,40.644340680284685,-73.92079196907318
243,Lt. Joseph Petrosino Park,40.61911976987072,-73.99851228393689
244,John Paul Jones Park,40.61091405547784,-74.03409082866352
245,The Big Park,40.63080957473518,-74.16451275187518
246,Kaiser Park,40.57851497898776,-73.99541213427234
247,Jackie Robinson,40.806891232183055,-73.93641213069654
248,Inwood Hill Park,40.87348716913609,-73.9256921576388
249,Washington Market Park,40.71709074116347,-74.01155332492279
250,Samuel Seabury Playground,40.78534705260184,-73.95082672175216
251,John Golden Park,40.77388742260697,-73.76823526416987
252,Ruppert Park,40.78095809090121,-73.95013140961677
253,American Museum of Natural History,40.7842150899,-73.9719200711
254,North Rochdale Playground,40.67996793644205,-73.77503655512217
255,Loreto Playground,40.84905801968934,-73.85211929610301
256,A.R.R.O.W. Field House,40.755877572972445,-73.92640186675862
257,Roy Wilkins Recreation Center,40.68709779037936,-73.76928271526207
258,Tudor Park,40.67262271634655,-73.85212945645151
259,Broad Channel,40.60073186973284,-73.82005161120154
260,Fort Washington Park,40.8513502424645,-73.9425609123538
261,Susan E. Wagner High School,40.59735498122648,-74.12512462195434
262,New York University,40.802294456834574,-73.94687340775411
263,Irving Square Park,40.6924428012678,-73.90918444069288
264,Jones Woods Park,40.63717402671264,-74.09076504269655
265,Naples Playground,40.602542778165486,-74.09092782833514
266,West Bronx Recreation Center,40.8439891025,-73.9187240614
267,PS 57,40.797392864502434,-73.9415245225696
268,Detective Keith Williams,40.70185043131138,-73.78351212314483
269,High Rock Park,40.58262064716045,-74.1230287426095
270,P.S. 89,40.71696874853586,-74.01379276420661
271,Sorrentino Recreation Center,40.602429361609936,-73.75135636192766
272,Francis Martin Library,40.85743213620187,-73.90927973353054
273,Barrett Park,40.625134984061845,-74.11556949433155
274,Tottenville High School,40.527543153060336,-74.19295678561573
275,Jennifer's Playground,40.62033431351525,-74.16351011148238
276,Calvert Vaux Park,40.58467257680182,-73.99517946557725
277,Hoover - Manton Playgrounds,40.71147246818106,-73.8212304466578
278,Hoffman Park,40.73280180408104,-73.87212215796595
279,Coney Island Creek Park,40.58145217764424,-74.00471724740508
280,Silver Lake Park,40.6212799490116,-74.10053007078137
281,Cedar Playground,40.8551222354759,-73.91738858813123
282,Star Spangled Playground,40.692047807371296,-73.95843978386513
283,Potomac Playground,40.682067723103046,-73.94430358943981
284,Thomas Boyland Park,40.68172130309648,-73.90708714991794
285,De Matti Playground,40.615583967,-74.073575078
286,West Playground,40.58708392542759,-73.97007084677736
287,100% Playground,40.64678141589236,-73.89947686459503
288,Hamilton Fish Park,40.71998067401304,-73.98145717838524
289,Century Playground,40.57756767706992,-73.97084843912651
290,Fox Playground,40.63131023334879,-73.9238719562081
291,Hilltop Playground,40.675325642025136,-73.91433859809702
292,Cypress Hills Playground,40.670443695734726,-73.87168119273417
293,Walker Park,40.64371736488016,-74.10882791559712
294,Lt. Lia Playground,40.64356867219578,-74.0798429400674
295,Paerdegat Park,40.63806142520611,-73.93813381689118
296,William F. Passannante Ballfield,40.72855691891089,-74.00225325609404
297,Fort Independence Playground,40.8818912360168,-73.8949071689281
298,McDonald Playground,40.601148560273295,-73.97216857565621
299,Faber Pool and Park,40.64101232147076,-74.13535654624627
300,St. John's Park,40.67386186519028,-73.9348909447162
301,Slattery Playground,40.85713998999967,-73.89822219575373
302,Playground for All Children,40.7408820080825,-73.84950827936643
303,Betsy Head Park,40.663100290001765,-73.91300085198611
304,Corona Golf Playground,40.74775034355928,-73.85403435753571
305,Nautilus Playground,40.57172489115277,-73.99626806059774
306,Montbellier Park,40.67401192716488,-73.7564059097635
307,Elmhurst,40.738509538852085,-73.87686970526758
308,Hancock Park,40.8095337875226,-73.95327620939166
309,Linden Playground,40.65825087827369,-73.88746896049673
310,Drew Playground,40.8329736460805,-73.90332444890534
311,Allison Pond Park,40.63709779085728,-74.10130296448718
312,Vinmont Veteran Park,40.902445942844544,-73.90493886969426
313,Cherry Tree Park,40.787159995758486,-73.94723136219534
314,Levy Playground,40.633796732586944,-74.1291211963601
315,Josephine Caminiti Playground,40.74378653772786,-73.8615523332375
316,Joseph Austin Playground,40.71638467202806,-73.79879291643483
317,Mott Playground,40.83127989486265,-73.91473314368044
318,Imagination Playground,40.7055179093249,-74.00156900625923
319,Galileo Playground,40.84860443655754,-73.91568879179282
320,Sean's Place,40.76077196220753,-73.91832746357754
321,Zimmerman Playground,40.8660112932,-73.8684204566
322,Pomonok Playground,40.73609868356085,-73.81393099133747
323,Judge Moses Weinstein Playground,40.7180182666812,-73.82058528429934
324,Rochdale Park,40.67411421597716,-73.7744164570544
325,Russell Sage Playground,40.72377497857119,-73.85147543203495
326,Jesse Owens Playground,40.6915700148,-73.9323362029
327,Conch Playground,40.59599812329534,-73.78067534934787
328,Broad Channel American Park,40.59833160614159,-73.82160941796919
329,P.O. Serrano Playground,40.82347350897408,-73.85052033655361
330,Franz Sigel Park,40.823362433605006,-73.92550790101276
331,Hammel Playground,40.58817635782475,-73.80942513469549
332,Socrates Sculpture Park,40.76869038361498,-73.93659232801846
333,Van Alst Playground,40.77058086659716,-73.92827386582545
334,Kissena Corridor Park,40.74159941204368,-73.78152038102498
335,Merriam Playground,40.839637467548656,-73.92676861017459
336,Howard Bennett Playground,40.81330219894578,-73.93783035157027
337,Spring Creek Park,40.65704,-73.861479
338,Cedar Grove Playground,40.73616117812984,-73.824470144124
339,Mount Hope Playground,40.850230512542765,-73.90964815242604
340,Beanstalk Playground,40.853814511700286,-73.9167484109696
341,Park Of The Americas,40.74894584599028,-73.86177741584908
342,Lawrence Virgilio Playground,40.74748592578904,-73.9105989494978
343,De Witt Clinton Park,40.76819786618601,-73.99463599627873
344,Marion Hopkinson Playground,40.68179593934607,-73.91355109224534
345,McKinley Playground,40.72426110771112,-73.98562625589997
346,Newtown Playground,40.736241875824014,-73.86982430537425
347,De Matti Park,40.61453272254036,-74.07418480595251
348,Bennett Park,40.85284979348113,-73.93811113321674
349,Martin Luther King Jr. Playground,40.66741272099222,-73.89020403994412
350,James J Walker Park,40.72979888070067,-74.0061524808033
351,Dutch Kills Playground,40.75724510581043,-73.93324907170143
352,Davidson Playground,40.85506062295522,-73.90770792150582
353,Grand Playground,40.856175214361166,-73.90712528725764
354,Cunningham Park,40.730883795073495,-73.7710050346764
355,Sakura Park,40.813069207931065,-73.96207854375668
356,Metcalf Playground,40.8463500009,-73.898660025
357,Minetta Playground,40.7306816971804,-74.00132451478083
358,Downing Street Playground,40.72985381043053,-74.00271447082547
359,Frank D. O'Connor Playground,40.74420569179135,-73.88671743462034
360,Burns Playground,40.864306410482975,-73.83655103776694
361,St. Andrew's Playground,40.678799242413206,-73.94201086222824
362,East River Esplanade,40.74587521644981,-73.96967831108064
363,Fort Independence playground,40.8818912360168,-73.8949071689281
364,Walton Park,40.85525917625579,-73.90517851473645
365,queensbridge,,
366,Peters Field,40.70601480521498,-73.77483943248959
367,Spuyten Duyvil Playground,40.88704945575096,-73.91587335356928
368,Blake Hobbs Playground,40.78916323865528,-73.9459495705295
369,Fountain Of Youth Playground,40.814576738624446,-73.90522988415414
370,Bloomingdale Playground,40.79936008583565,-73.96621282528332
371,Union Square Park,40.73643890885321,-73.98991829136986
372,Williamsbridge Oval,40.877627439415136,-73.87738571638006
373,Grand Ferry Park,40.71682359672439,-73.96740774499862
374,Brookfield Park,40.56542657268347,-74.16110622279528
375,Brooklyn Bridge Park,40.697792,-73.99930399999998
376,Parade Ground,40.650773928341806,-73.96851377273347
377,River Park,40.8525650546,-73.91367006209998
378,Rockaway Beach,40.57703769137953,-73.83667786378555
379,Manhattan Beach Park,40.57696476068743,-73.94412062457721
380,Homecrest Playground,40.58610019683084,-73.95729161606157
381,Eastchester Playground,40.86976733605563,-73.85269956356406
382,Sutton Place Park,40.756693316608526,-73.9602107577748
383,Collect Pond Park,40.71632896381024,-74.00181983393321
384,Wagner Playground,40.79945804235208,-73.93436200757354
385,People's Park,40.8094202988,-73.91667742539998
386,Beach 30th Street Playground,40.592427097308025,-73.76264837829197
387,Devoe Park,40.86367711673411,-73.90491772070051
388,Sol Lain Plgd,40.71440132823593,-73.98397772595389
389,LORETO PLAYGROUND,40.84905801968934,-73.85211929610301
390,Tompkinsville Park,40.637438200714016,-74.07639193256507
391,Haffen Pool,40.8732651094,-73.8374840022
392,Mullaly Pool,40.8308193574,-73.92449973169998
393,Bushwick Pool,40.7018679171479,-73.93937730987683
394,Starlight Park,40.83263373771148,-73.88249740616054
395,Howard Pool,40.67213324636449,-73.91017853443918
396,Annunciation Playground,40.81865777902895,-73.95212418879666
397,Dawson Playground,40.819492076,-73.897875027
398,Peter Minuit Playground,40.79477074571797,-73.94723147236206
399,Bowne Park,40.7705204499281,-73.8073631011127
400,Jennifer Playground,40.62033431351525,-74.16351011148238
401,Playground Seventy Five,40.726564205769,-73.8074585212291
402,Osborn Playground,40.65548804581728,-73.90584577549205
403,Beach Channel Park,40.582072449358975,-73.84255737868203
404,Breininger Park,40.7211950548,-73.74238006839998
405,Lozada Playground,40.80782173426807,-73.92507924545289
406,Playground One Twenty Five CXXV,40.81078944896669,-73.95609685487814
407,Robert Moses Playground,40.748080662097095,-73.96869497231566
408,Astoria Health Playground,40.767937547322894,-73.93267130214849
409,Frederick B. Judge Playground,40.68311410930353,-73.80792779105832
410,Soundview,40.81811782032384,-73.86752335342953
411,Dr. Ronald E. McNair Playground,40.802432545924674,-73.93796389366574
412,Torsney Playground,40.7468970651,-73.9207910194
413,Beach 17 Playground,40.59418059296962,-73.75056235653892
414,Herman Dolgon Playground,40.59627051715315,-73.94042663468832
415,Little Claremont Playground,40.83894049447393,-73.90369533556844
416,Colonel David Marcus Playground,40.60988005710849,-73.96933662772318
417,Athens Square,40.76781279422176,-73.92228381510851
418,Colucci Playground,40.852461246004765,-73.83467500091616
419,Lillian D Wald Playground,40.71204018306453,-73.98435301642473
420,Sutton Parks,40.75615456081905,-73.96096706171495
421,Police Officer Nicholas Demutiis Park,40.68177299672603,-73.839283079791
422,Bufano Park,40.83800844277564,-73.83100105546397
423,Pleasant Village Community Garden,40.796572809404765,-73.93160560367491
424,Booker T. Washington Playground,40.80053403214786,-73.96277931020755
425,"Martin Luther King, Jr. Playground",40.80032572396372,-73.95031634557395
426,Brighton Playground,40.5751798656077,-73.96539625508336
427,Park of the Americas,40.74894584599028,-73.86177741584908
428,Corlears Hook Park,40.711739767145126,-73.97978755040178
429,Carmansville Playground,40.82914776413859,-73.94430705439889
430,Brownsville Playground,40.656223347141534,-73.90278394180345
431,Allerton Playground,40.86701417331684,-73.85060430004694
432,LaTourette Park & Golf Course,40.576121428053135,-74.14682281261518
433,Flynn Playground,40.82091641203419,-73.9118800480285
434,St. Nicholas Playground South,40.81221512051076,-73.94914989863672
435,Sheltering Arms Playground,40.81517519686314,-73.95559649595451
436,St. Albans,40.69252581497865,-73.76010821909614
437,Snug Harbor Cultural Center,40.64405138357807,-74.10175503478045
438,Playground One,40.71226804590559,-73.99739983055552
439,The Painter's Playground,40.72041106893748,-73.85966501433916
440,Hallets Cove Playground,40.77283325114147,-73.93598828114095
441,Metropolitan Recreation Center,40.71501243248181,-73.96031695414074
442,Turtle Playground,40.74213894736644,-73.82743223890508
443,Long Island City YMCA,40.7453982316385,-73.93218718355372
444,Bronxdale High School,40.860380979118645,-73.86030157702504
445,South Bronx Charter School,40.80290918267978,-73.9177800613605
446,Holcombe Rucker Park,40.82984624385681,-73.9358890621104
447,Sidney Hillman Playground,40.71521834553663,-73.97965743072719
448,Kelly Park Playground,40.60344487673123,-73.95889497951019
449,Eugene McCabe Field,40.802688613363415,-73.94224090037619
450,Peter's Field,40.73572528222681,-73.98063298901123
451,Wald Playground,40.71969034463496,-73.97688215009501
452,Taylor Playground,40.83899566993157,-73.86610129176916
453,Pulaski Park,40.80524231162845,-73.9245656895568
454,Langston Hughes Playground,40.81220257604958,-73.94638016465774
455,Kwame Ture Recreation Center,40.84406292089336,-73.9189431652104
456,Madison Square Park,40.74151104195676,-73.9881732282803
457,Fort Hamilton Athletic Field,40.62717677002944,-74.03936221667254
458,Dr. Charles R. Drew Park,40.68072291959761,-73.80303336092973
459,Lieutenant John H. Martinson Playground,40.53638146337103,-74.16351375419593
460,Harlem River Park,40.8036321246064,-73.93091882538891
461,Frederick Johnson Playground,40.824673015782544,-73.9354453029224
462,Edenwald Playground,40.88436250391126,-73.84500475613086
463,Grant Park,40.8378238780483,-73.9121311607944
464,Ramon Aponte Park,40.76144787375696,-73.98935059930906
465,Reiff Playground,40.71884682273935,-73.90193519021166
466,Lincoln Terrace / Arthur S. Somers Park,40.66678748361877,-73.92692598758381
467,Caserta Playground,40.83733787007535,-73.85402945267742
468,Winthrop Playground,40.6566043017748,-73.95416851772903
469,Pearl St Playground,40.707918417500174,-74.00392587102318
470,South Oxford Park,40.68370664092553,-73.97262133696675
471,Helen Marshall Playground,40.7650797547779,-73.87138743106726
472,Captain Rivera Playground,40.817941022717015,-73.90679637169491
473,Mazzei Playground,40.862502258504136,-73.85820236952526
474,Almeda Playground,40.59354374698784,-73.79468426411361
475,Moore Homestead Playground,40.74214193809958,-73.88239704690926
476,Abraham Lincoln Playground,40.8121951055187,-73.93718678520437
477,Harris Brothers Park,40.53307183774461,-74.2023079153839
478,John J Carty Park,40.611820532977056,-74.0316517501857
479,Brigadier General Charles Young Playground,40.81960253222186,-73.93622099808216
480,Arrochar Playground,40.59774332778295,-74.07093379469363
481,Constance Baker Motley Recreation Center,40.75648141893349,-73.96513008541265
482,McCaffrey Playground,40.75915059405394,-73.99138844408218
483,Skyline Playground,40.639399633728,-74.08952306937003
484,First Park,40.723517790893474,-73.98963948006019
485,Raymond Bush Playground,40.68658670172061,-73.93937522729014
486,Penn South Playground,40.7475923108068,-73.9986927967089
487,Clawson Playground,40.56147877434463,-74.12486959440076
488,Sedgwick Playground,40.84570161820687,-73.92338813643372
489,Gutenberg Playground,40.763797699136695,-73.99039760707905
490,Austin J. McDonald Playground,40.629607767677136,-74.11525422759787
491,L/CPL Thomas P. Noonan Jr. Playground,40.7410684460063,-73.92238342961969
492,Ambrosini Field,40.84378067425052,-73.78475920599348
493,Archie Spigner Park,40.693040175732015,-73.77931568131666
494,Luther Gulick Park,40.71588426813862,-73.98185707248984
495,Seton Falls Park,40.88706689318354,-73.83775870265157
496,Augustus St. Gaudens Playground,40.73563304753623,-73.98205807923996
497,Walter Gladwin Park,40.84643474095064,-73.8959587497942
498,Evergreen Park,40.69753695655173,-73.89666891061718
499,Amelia Gorman Park,40.85570483814666,-73.93241220786243
500,Half-Nelson Playground,40.84678829092636,-73.91929862620887
501,Prospect Playground,40.84326742893642,-73.8907140740214
502,Alexander Hamilton Playground,40.822951749877774,-73.95109658523283
503,Mathews-Palmer Playground,40.761207747161855,-73.99294354424411
504,Louis Pasteur Park,40.7624932570562,-73.73444270220345
505,Wakefield Playground,40.90184953414608,-73.85476479720798
506,Tanahey Playground,40.71016024355338,-73.99518030440098
507,Playground One Thirty Four CXXXIV,40.80319279574735,-73.91755799331635
508,William F Moore Park,40.743664987303134,-73.85544771789155
509,Walter Ward Playground,40.65794088053823,-73.84401416065033
510,Bayside Playground,40.58486079760809,-73.82514356234304
511,Little Bay Park,40.790090183965965,-73.78792181066211
512,Marconi Park,40.69358689162934,-73.79553023088296
513,Cambria Playground,40.68914232853152,-73.74292954840513
514,St. Gregory's Playground,40.789517685133546,-73.972026699991
515,Murray Playground,40.74725094826833,-73.9489306391662
516,Woodtree Playground,40.777525409516365,-73.90236952904368
